{"metadata":{"asset_id":"34668fb6-d100-4e89-b29a-2186d69256e8","asset_attributes":["data_asset"],"name":"dataset_desafio_2.csv","asset_type":"data_asset","created_at":"2020-08-19T04:00:20Z","description":"","origin_country":"us","owner_id":"IBMid-550008G10W","project_id":"2d2e7d8d-7d41-442d-a77a-52471e669194","size":1520235,"tags":[],"usage":{"last_update_time":1597809622453,"last_updated_at":"2020-08-19T04:00:22Z"}},"entity":{"data_asset":{"mime_type":"text/csv","dataset":false}},"attachments":[{"id":"1bc71911-b1e8-4093-93f2-350c796426d1","version":2,"asset_type":"data_asset","name":"dataset_desafio_2.csv","mime":"text/csv","datasource_type":"193a97c1-4475-4a19-b90c-295c4fdc6517","object_key":"dataset_desafio_2.csv","creator_id":"iam-ServiceId-f49c5558-c247-4983-a04f-7d3c7a3d55da","create_time":1597809622341,"size":1520235,"is_remote":false,"is_managed":false,"is_referenced":true,"is_object_key_read_only":false,"is_user_provided_path_key":true,"transfer_complete":true,"is_partitioned":false,"complete_time_ticks":1597809622341,"user_data":{},"test_doc":0,"handle":{"bucket":"uninassau-donotdelete-pr-jn1s5h8kjvx0vm","location":"us-geo","key":"dataset_desafio_2.csv","upload_id":"done","max_part_num":1},"usage":{"access_count":0,"last_accessor_id":"iam-ServiceId-f49c5558-c247-4983-a04f-7d3c7a3d55da","last_access_time":1597809622341}}]}
