{"metadata":{"asset_id":"ce48751f-0a45-4369-a5db-7c8a7acc72d7","asset_attributes":["notebook"],"name":"parte-2","asset_type":"notebook","created_at":"2020-08-19T04:00:23Z","description":"","origin_country":"us","owner_id":"IBMid-550008G10W","project_id":"2d2e7d8d-7d41-442d-a77a-52471e669194","size":24880,"tags":["notebook"],"usage":{"last_update_time":1597970944740,"last_updated_at":"2020-08-21T00:49:04Z"}},"entity":{"notebook":{"kernel":{"name":"python3","display_name":"Python 3.6","language":"python"},"originates_from":{"type":"file"},"runtime":{"environment":"conda2py36-2d2e7d8d-7d41-442d-a77a-52471e669194"}}},"attachments":[{"id":"55fc4c7c-8aef-49f7-bb8c-1f1fe7b8f0d8","version":2,"asset_type":"notebook","name":"attachment for notebook ce48751f-0a45-4369-a5db-7c8a7acc72d7","description":"attachment for notebook ce48751f-0a45-4369-a5db-7c8a7acc72d7","mime":"application/json","datasource_type":"193a97c1-4475-4a19-b90c-295c4fdc6517","object_key":"notebook/parte-2_XvWXXx6YQ.ipynb","creator_id":"iam-ServiceId-9e68bc5f-c5f6-4f6f-8bcf-e57f47b9d1b1","create_time":1597809624204,"size":24880,"is_remote":false,"is_managed":false,"is_referenced":true,"is_object_key_read_only":false,"is_user_provided_path_key":true,"transfer_complete":true,"is_partitioned":false,"complete_time_ticks":1597809624204,"user_data":{},"test_doc":0,"handle":{"bucket":"uninassau-donotdelete-pr-jn1s5h8kjvx0vm","location":"us-geo","key":"notebook/parte-2_XvWXXx6YQ.ipynb","upload_id":"done","max_part_num":1},"usage":{"access_count":0,"last_accessor_id":"iam-ServiceId-9e68bc5f-c5f6-4f6f-8bcf-e57f47b9d1b1","last_access_time":1597809624204}}]}
