{"metadata":{"asset_id":"648f2909-936d-4d59-b424-536d7e05a3b7","asset_attributes":["notebook"],"name":"parte-1","asset_type":"notebook","created_at":"2020-08-19T04:00:22Z","description":"","origin_country":"us","owner_id":"IBMid-550008G10W","project_id":"2d2e7d8d-7d41-442d-a77a-52471e669194","size":24680,"tags":["notebook"],"usage":{"last_update_time":1597810469902,"last_updated_at":"2020-08-19T04:14:29Z"}},"entity":{"notebook":{"kernel":{"name":"python3","display_name":"Python 3.6","language":"python"},"originates_from":{"type":"file"},"runtime":{"environment":"conda2py36-2d2e7d8d-7d41-442d-a77a-52471e669194"}}},"attachments":[{"id":"8a2ba2a2-90e4-4291-bad5-375413bc25c8","version":2,"asset_type":"notebook","name":"attachment for notebook 648f2909-936d-4d59-b424-536d7e05a3b7","description":"attachment for notebook 648f2909-936d-4d59-b424-536d7e05a3b7","mime":"application/json","datasource_type":"193a97c1-4475-4a19-b90c-295c4fdc6517","object_key":"notebook/parte-1_XTm42MgVg.ipynb","creator_id":"iam-ServiceId-9e68bc5f-c5f6-4f6f-8bcf-e57f47b9d1b1","create_time":1597809623408,"size":24680,"is_remote":false,"is_managed":false,"is_referenced":true,"is_object_key_read_only":false,"is_user_provided_path_key":true,"transfer_complete":true,"is_partitioned":false,"complete_time_ticks":1597809623408,"user_data":{},"test_doc":0,"handle":{"bucket":"uninassau-donotdelete-pr-jn1s5h8kjvx0vm","location":"us-geo","key":"notebook/parte-1_XTm42MgVg.ipynb","upload_id":"done","max_part_num":1},"usage":{"access_count":0,"last_accessor_id":"iam-ServiceId-9e68bc5f-c5f6-4f6f-8bcf-e57f47b9d1b1","last_access_time":1597809623408}}]}
